score,href,content
•,http://web.archive.org/web/20120216223019/http://altfarm.mediaplex.com/ad/ck/13001-83639-19220-14,"Download A Free Audiobook From Audible.com - Choose Your Favorite Science Author or Select From Thousands of Titles and Listen Anytime, Anywhere.www.audible.comaudibleredditsharecancel"
757,http://web.archive.org/web/20120216223019/http://www.sciencedaily.com/releases/2012/02/120216094631.htm,Children who play with puzzles later develop better spatial skillssciencedaily.commuimui69150 commentssharecancel
399,http://web.archive.org/web/20120216223019/http://www.physorg.com/news/2012-02-nevada-self-driving-cars.html,Nevada is becoming the first state to regulate self-driving vehicles on its roadways.physorg.comrawbamatic103 commentssharecancel
1871,http://web.archive.org/web/20120216223019/http://www.nytimes.com/2012/02/16/science/earth/in-heartland-institute-leak-a-plan-to-discredit-climate-teaching.html?hp,"Leaked documents suggest that an organization known for attacking climate science is planning a new push to undermine the teaching of global warming in public schools, the latest indication that climate change is becoming a part of the nation’s culture wars.nytimes.comyourmotherisawhore1168 commentssharecancel"
409,http://web.archive.org/web/20120216223019/http://www.theatlantic.com/health/archive/2012/02/study-of-the-day-blood-tests-can-accurately-diagnose-depression/252664/,Blood Tests Can Accurately Diagnose Depression -- New research shows that blood screenings can accurately spot multiple telltale biomarkers in patients with classic symptoms of depression.theatlantic.comslaterhearst37 commentssharecancel
262,http://web.archive.org/web/20120216223019/http://medicalxpress.com/news/2012-02-vaccine-hep.html,University of Alberta researcher discovers vaccine for hepatitis Cmedicalxpress.comavrus15 commentssharecancel
70,http://web.archive.org/web/20120216223019/http://www.nytimes.com/2012/02/16/science/earth/in-heartland-institute-leak-a-plan-to-discredit-climate-teaching.html?_r=2&pagewanted=1&ref=science&adxnnlx=1329397356-1xXA3B0bpSXGGXX84C39WA,Leak Offers Glimpse of Campaign Against Climate Sciencenytimes.comRamoncin13 commentssharecancel
59,http://web.archive.org/web/20120216223019/http://www.technologyreview.com/blog/arxiv/27583/,"If crystals exist in spatial dimensions, then they ought to exist in the dimension of time too, says Nobel prize-winning physicisttechnologyreview.comDrJulianBashir20 commentssharecancel"
37,http://web.archive.org/web/20120216223019/http://www.theatlantic.com/technology/archive/2012/02/the-wow-signal-one-mans-search-for-setis-most-tantalizing-trace-of-alien-life/253093/,The 'Wow!' Signal: One man's decades-long search for SETI's most tantalizing (and still unexplained) trace of alien lifetheatlantic.comcah7511 commentssharecancel
34,http://web.archive.org/web/20120216223019/http://www.physorg.com/news/2012-02-microbial-oasis-beneath-atacama.html,"Two metres below the surface of the Atacama Desert there is an 'oasis' of microorganisms. Researchers have found it in hypersaline substrates thanks to SOLID, a detector for signs of life which could be used in environments similar to subsoil on Mars.physorg.comDrJulianBashir6 commentssharecancel"
47,http://web.archive.org/web/20120216223019/http://news.discovery.com/history/sheba-queen-gold-121502.html,"Queen of Sheba's Lost Gold Mine Found? -- Hidden on a hill on the Gheralta plateau in northern Ethiopia, the unexplored mine lies within the Queen's former territory, a nearly 3,000-year-old Sheba kingdom which scholars believe spanned modern day Ethiopia and Yemen.news.discovery.comslaterhearst7 commentssharecancel"
15,http://web.archive.org/web/20120216223019/http://www.sci-news.com/biology/article00185.html,New study shows dogs can respond to two-item sentence commandssci-news.comraja_20004 commentssharecancel
•,http://web.archive.org/web/20120216223019/http://www.nzherald.co.nz/world/news/article.cfm?c_id=2&objectid=10786081,Study finds female teachers mark boys harder. Boys lower their sights academically when they are given female teachers.nzherald.co.nzmaxhummad1 commentsharecancel
32,http://web.archive.org/web/20120216223019/http://www.theatlantic.com/technology/archive/2012/02/a-chemist-uses-googles-algorithm-to-determine-the-structure-of-molecules/253151?mrefid=twitter,A Chemist Uses Google's Algorithm to Determine the Structure of Molecules -- Scientists want to find a use for PageRank in the world beyond the web.theatlantic.comslaterhearst6 commentssharecancel
•,http://web.archive.org/web/20120216223019/http://www.eurekalert.org/pub_releases/2012-02/wifb-hwi021412.php,"Harvard's Wyss Institute develops DNA nanorobot ""This work represents a major breakthrough in the field of nanobiotechnology as it demonstrates the ability to leverage recent advances in the field of DNA origami...""eurekalert.orgcultivar3 commentssharecancel"
35,http://web.archive.org/web/20120216223019/http://www.physorg.com/news/2012-02-metal-catalyst-hydrogen-fuel-reaction.html,A new catalyst built at Pacific Northwest National Laboratory can do what was previously shown to happen only in nature: store energy in hydrogen and release that energy on demand.physorg.comDrJulianBashir4 commentssharecancel
11,http://web.archive.org/web/20120216223019/http://medicalxpress.com/news/2012-02-on-off-suppresses-breast-cancer.html,"Signals can tell cells to act cancerous and reproduce out of control or tell cells with cancerous characteristics to stop growing and die, one signal called TGF-beta does bothmedicalxpress.comrawbamatic2 commentssharecancel"
14,http://web.archive.org/web/20120216223019/http://the-scientist.com/2012/02/16/opinion-what-is-life/,Opinion: What Is Life? - The Scientistthe-scientist.comrecipriversexcluson13 commentssharecancel
•,http://web.archive.org/web/20120216223019/http://www.bbc.co.uk/news/science-environment-17050551,US scientists say they have taken a step towards microchips being implanted under a patient's skin to control the release of drugs.bbc.co.ukDrJulianBashir1 commentsharecancel
1233,http://web.archive.org/web/20120216223019/http://www.theatlanticwire.com/national/2012/02/counterfeit-cancer-drug-real-thing/48723/,"Counterfeit Cancer Drug Is a Real Thing -- The maker of the Avastin cancer drug is currently warning doctors and hospitals that a fake version of the drug has been found, and it's really hard to tell if you might have the fraudulent version.theatlanticwire.comslaterhearst631 commentssharecancel"
6,http://web.archive.org/web/20120216223019/http://www.nature.com/news/how-the-first-plant-came-to-be-1.10048,"How the first plant came to be - A genetic analysis reveals the ancient, complex — and symbiotic — roots of photosynthesis in plants.nature.comDrJulianBashir2 commentssharecancel"
•,http://web.archive.org/web/20120216223019/http://www.nsf.gov/news/news_summ.jsp?cntn_id=123011&WT.mc_id=USNSF_51&WT.mc_ev=click,"Domestic Cats, and Wild Bobcats and Pumas, Living in Same Area Have Same Diseases - US National Science Foundation (NSF) Newsnsf.govdearsomethingcommentsharecancel"
5,http://web.archive.org/web/20120216223019/http://www.livescience.com/18517-women-stem-faculty-retention.html?utm_content=LiveScience&utm_campaign=seo%2Bblitz&utm_source=twitter.com&utm_medium=social%2Bmedia,"For female faculty in scientific or technical fields, a new study has good news, with some caveats.livescience.comstreetlitecommentsharecancel"
9,http://web.archive.org/web/20120216223019/http://www.newscientist.com/article/dn21482-fish-hybridise-themselves-extinct-in-alpine-lakes.html,"Fish hybridise themselves extinct in Alpine lakes -Pollution in Swiss lakes caused fish species to interbreed, wiping out much of the lakes' diversity.newscientist.comDrJulianBashircommentsharecancel"
16,http://web.archive.org/web/20120216223019/http://ucrtoday.ucr.edu/3057,Study Posits a Theory of Moral Behaviorucrtoday.ucr.eduavrus6 commentssharecancel
15,http://web.archive.org/web/20120216223019/http://www.bbc.co.uk/news/science-environment-17015559,'New frontier' of Antarctic lake exploration - What's behind the drive to explore Antarctica's lakes?bbc.co.ukDrJulianBashircommentsharecancel
